{"controlador.ed.listas.ListaEnlazada":{"cabecera":{"dato":{"@class":"modelo.Cuenta","id":1,"usuario":"Alyce Elianne Maldonado Hoyos","contrasenia":1150018305},"siguiente":{"dato":{"@class":"modelo.Cuenta","id":2,"usuario":"Marylin Lisseth Alvarado Cano","contrasenia":1104387574},"siguiente":{"dato":{"@class":"modelo.Cuenta","id":3,"usuario":"david","contrasenia":1234567890},"siguiente":{"dato":{"@class":"modelo.Cuenta","id":4,"usuario":"Wilson Israel Gonzalez Armijos","contrasenia":1105886160}}}}},"size":4,"ascendente":1,"descendente":2}}