{"controlador.ed.listas.ListaEnlazada":{"cabecera":{"dato":{"@class":"modelo.Dignidad","tipo":"Ejecutiva","id":1,"NroDignidad":15,"categorias":"Presidente"},"siguiente":{"dato":{"@class":"modelo.Dignidad","tipo":"Ejecutiva","id":2,"NroDignidad":15,"categorias":"Presidente"},"siguiente":{"dato":{"@class":"modelo.Dignidad","tipo":"Ejecutiva","id":3,"NroDignidad":12,"categorias":"Presidente"},"siguiente":{"dato":{"@class":"modelo.Dignidad","tipo":"Ejecutiva","id":4,"NroDignidad":12,"categorias":"Presidente"},"siguiente":{"dato":{"@class":"modelo.Dignidad","tipo":"Legislativa","id":5,"NroDignidad":12,"categorias":"Alcalde"},"siguiente":{"dato":{"@class":"modelo.Dignidad","tipo":"Ejecutiva","id":6,"NroDignidad":15,"categorias":"Presidente"},"siguiente":{"dato":{"@class":"modelo.Dignidad","tipo":"Ejecutiva","id":7,"NroDignidad":12,"categorias":"Presidente"},"siguiente":{"dato":{"@class":"modelo.Dignidad","tipo":"Ejecutiva","id":8,"NroDignidad":15,"categorias":"Presidente"},"siguiente":{"dato":{"@class":"modelo.Dignidad","tipo":"Ejecutiva","id":9,"NroDignidad":5,"categorias":"Presidente"},"siguiente":{"dato":{"@class":"modelo.Dignidad","tipo":"Ejecutiva","id":10,"categorias":"Presidente"},"siguiente":{"dato":{"@class":"modelo.Dignidad","tipo":"Ejecutiva","id":11,"categorias":"Presidente"},"siguiente":{"dato":{"@class":"modelo.Dignidad","tipo":"Ejecutiva","id":12,"categorias":"Presidente"},"siguiente":{"dato":{"@class":"modelo.Dignidad","tipo":"Ejecutiva","id":13,"categorias":"Presidente"},"siguiente":{"dato":{"@class":"modelo.Dignidad","tipo":"Ejecutiva","id":14,"NroDignidad":10,"categorias":"Concejal"},"siguiente":{"dato":{"@class":"modelo.Dignidad","tipo":"Ejecutiva","id":15,"categorias":"Concejal"},"siguiente":{"dato":{"@class":"modelo.Dignidad","tipo":"Ejecutiva","id":16,"categorias":"Concejal"},"siguiente":{"dato":{"@class":"modelo.Dignidad","tipo":"Ejecutiva","id":17,"categorias":"Concejal"},"siguiente":{"dato":{"@class":"modelo.Dignidad","tipo":"Ejecutiva","id":18,"categorias":"Concejal"},"siguiente":{"dato":{"@class":"modelo.Dignidad","tipo":"Ejecutiva","id":19,"categorias":"Concejal"},"siguiente":{"dato":{"@class":"modelo.Dignidad","tipo":"Ejecutiva","id":20,"categorias":"Concejal"},"siguiente":{"dato":{"@class":"modelo.Dignidad","tipo":"Ejecutiva","id":21,"categorias":"Concejal"},"siguiente":{"dato":{"@class":"modelo.Dignidad","tipo":"Ejecutiva","id":22,"categorias":"Concejal"},"siguiente":{"dato":{"@class":"modelo.Dignidad","tipo":"Ejecutiva","id":23,"categorias":"Concejal"},"siguiente":{"dato":{"@class":"modelo.Dignidad","tipo":"Ejecutiva","id":24,"NroDignidad":1,"categorias":"Presidente"},"siguiente":{"dato":{"@class":"modelo.Dignidad","tipo":"Ejecutiva","id":25,"NroDignidad":20,"categorias":"Presidente"},"siguiente":{"dato":{"@class":"modelo.Dignidad","tipo":"Ejecutiva","id":26,"categorias":"Presidente"},"siguiente":{"dato":{"@class":"modelo.Dignidad","tipo":"Ejecutiva","id":27,"categorias":"Presidente"},"siguiente":{"dato":{"@class":"modelo.Dignidad","tipo":"Ejecutiva","id":28,"categorias":"Presidente"},"siguiente":{"dato":{"@class":"modelo.Dignidad","tipo":"Ejecutiva","id":29,"categorias":"Presidente"},"siguiente":{"dato":{"@class":"modelo.Dignidad","tipo":"Ejecutiva","id":30,"categorias":"Presidente"},"siguiente":{"dato":{"@class":"modelo.Dignidad","tipo":"Ejecutiva","id":31,"categorias":"Presidente"},"siguiente":{"dato":{"@class":"modelo.Dignidad","tipo":"Ejecutiva","id":32,"categorias":"Presidente"},"siguiente":{"dato":{"@class":"modelo.Dignidad","tipo":"Ejecutiva","id":33,"categorias":"Presidente"},"siguiente":{"dato":{"@class":"modelo.Dignidad","tipo":"Ejecutiva","id":34,"categorias":"Presidente"},"siguiente":{"dato":{"@class":"modelo.Dignidad","tipo":"Ejecutiva","id":35,"categorias":"Presidente"},"siguiente":{"dato":{"@class":"modelo.Dignidad","tipo":"Ejecutiva","id":36,"categorias":"Presidente"},"siguiente":{"dato":{"@class":"modelo.Dignidad","tipo":"Ejecutiva","id":37,"categorias":"Presidente"},"siguiente":{"dato":{"@class":"modelo.Dignidad","tipo":"Ejecutiva","id":38,"categorias":"Presidente"},"siguiente":{"dato":{"@class":"modelo.Dignidad","tipo":"Ejecutiva","id":39,"categorias":"Presidente"},"siguiente":{"dato":{"@class":"modelo.Dignidad","tipo":"Ejecutiva","id":40,"categorias":"Presidente"},"siguiente":{"dato":{"@class":"modelo.Dignidad","tipo":"Ejecutiva","id":41,"categorias":"Presidente"},"siguiente":{"dato":{"@class":"modelo.Dignidad","tipo":"Ejecutiva","id":42,"categorias":"Presidente"},"siguiente":{"dato":{"@class":"modelo.Dignidad","tipo":"Ejecutiva","id":43,"categorias":"Presidente"},"siguiente":{"dato":{"@class":"modelo.Dignidad","tipo":"Ejecutiva","id":44,"categorias":"Presidente"},"siguiente":{"dato":{"@class":"modelo.Dignidad","tipo":"Ejecutiva","id":45,"NroDignidad":1,"categorias":"Vicepresidente"},"siguiente":{"dato":{"@class":"modelo.Dignidad","tipo":"Ejecutiva","id":46,"NroDignidad":2,"categorias":"ViceAlcalde"},"siguiente":{"dato":{"@class":"modelo.Dignidad","tipo":"Ejecutiva","id":47,"categorias":"ViceAlcalde"},"siguiente":{"dato":{"@class":"modelo.Dignidad","tipo":"Ejecutiva","id":48,"NroDignidad":5,"categorias":"Vicepresidente"},"siguiente":{"dato":{"@class":"modelo.Dignidad","tipo":"Ejecutiva","id":49,"categorias":"Vicepresidente"},"siguiente":{"dato":{"@class":"modelo.Dignidad","tipo":"Ejecutiva","id":50,"categorias":"Vicepresidente"},"siguiente":{"dato":{"@class":"modelo.Dignidad","tipo":"Ejecutiva","id":51,"categorias":"Vicepresidente"},"siguiente":{"dato":{"@class":"modelo.Dignidad","tipo":"Ejecutiva","id":52,"categorias":"Vicepresidente"},"siguiente":{"dato":{"@class":"modelo.Dignidad","tipo":"Ejecutiva","id":53,"NroDignidad":2,"categorias":"Presidente"},"siguiente":{"dato":{"@class":"modelo.Dignidad","tipo":"Ejecutiva","id":54,"NroDignidad":2,"categorias":"ViceAlcalde"},"siguiente":{"dato":{"@class":"modelo.Dignidad","tipo":"Ejecutiva","id":55,"NroDignidad":2,"categorias":"Concejal"},"siguiente":{"dato":{"@class":"modelo.Dignidad","tipo":"Ejecutiva","id":56,"NroDignidad":3,"categorias":"Diputado"},"siguiente":{"dato":{"@class":"modelo.Dignidad","tipo":"Ejecutiva","id":57,"NroDignidad":2,"categorias":"ViceAlcalde"},"siguiente":{"dato":{"@class":"modelo.Dignidad","tipo":"Ejecutiva","id":58,"NroDignidad":3,"categorias":"ViceAlcalde"},"siguiente":{"dato":{"@class":"modelo.Dignidad","tipo":"Ejecutiva","id":59,"NroDignidad":1,"categorias":"Presidente"},"siguiente":{"dato":{"@class":"modelo.Dignidad","tipo":"Ejecutiva","id":60,"NroDignidad":1,"categorias":"Presidente"},"siguiente":{"dato":{"@class":"modelo.Dignidad","tipo":"Ejecutiva","id":61,"NroDignidad":1,"categorias":"Presidente"},"siguiente":{"dato":{"@class":"modelo.Dignidad","tipo":"Ejecutiva","id":62,"NroDignidad":5,"categorias":"Alcalde"},"siguiente":{"dato":{"@class":"modelo.Dignidad","tipo":"Ejecutiva","id":63,"categorias":"Alcalde"},"siguiente":{"dato":{"@class":"modelo.Dignidad","tipo":"Ejecutiva","id":64,"categorias":"Alcalde"},"siguiente":{"dato":{"@class":"modelo.Dignidad","tipo":"Ejecutiva","id":65,"categorias":"Alcalde"},"siguiente":{"dato":{"@class":"modelo.Dignidad","tipo":"Ejecutiva","id":66,"categorias":"Alcalde"},"siguiente":{"dato":{"@class":"modelo.Dignidad","tipo":"Ejecutiva","id":67,"NroDignidad":5,"categorias":"Presidente"},"siguiente":{"dato":{"@class":"modelo.Dignidad","tipo":"Ejecutiva","id":68,"categorias":"Presidente"},"siguiente":{"dato":{"@class":"modelo.Dignidad","tipo":"Ejecutiva","id":69,"categorias":"Presidente"},"siguiente":{"dato":{"@class":"modelo.Dignidad","tipo":"Ejecutiva","id":70,"categorias":"Presidente"},"siguiente":{"dato":{"@class":"modelo.Dignidad","tipo":"Ejecutiva","id":71,"categorias":"Presidente"},"siguiente":{"dato":{"@class":"modelo.Dignidad","tipo":"Ejecutiva","id":72,"NroDignidad":4,"categorias":"Presidente"},"siguiente":{"dato":{"@class":"modelo.Dignidad","tipo":"Ejecutiva","id":73,"categorias":"Presidente"},"siguiente":{"dato":{"@class":"modelo.Dignidad","tipo":"Ejecutiva","id":74,"categorias":"Presidente"},"siguiente":{"dato":{"@class":"modelo.Dignidad","tipo":"Ejecutiva","id":75,"categorias":"Presidente"},"siguiente":{"dato":{"@class":"modelo.Dignidad","tipo":"Ejecutiva","id":76,"NroDignidad":1,"categorias":"Presidente"},"siguiente":{"dato":{"@class":"modelo.Dignidad","tipo":"Ejecutiva","id":77,"NroDignidad":1,"categorias":"Presidente"},"siguiente":{"dato":{"@class":"modelo.Dignidad","tipo":"Ejecutiva","id":78,"NroDignidad":2,"categorias":"Alcalde"},"siguiente":{"dato":{"@class":"modelo.Dignidad","tipo":"Ejecutiva","id":79,"categorias":"Alcalde"},"siguiente":{"dato":{"@class":"modelo.Dignidad","tipo":"Ejecutiva","id":80,"NroDignidad":12,"categorias":"Vicepresidente"},"siguiente":{"dato":{"@class":"modelo.Dignidad","tipo":"Ejecutiva","id":81,"categorias":"Vicepresidente"},"siguiente":{"dato":{"@class":"modelo.Dignidad","tipo":"Ejecutiva","id":82,"categorias":"Vicepresidente"},"siguiente":{"dato":{"@class":"modelo.Dignidad","tipo":"Ejecutiva","id":83,"categorias":"Vicepresidente"},"siguiente":{"dato":{"@class":"modelo.Dignidad","tipo":"Ejecutiva","id":84,"categorias":"Vicepresidente"},"siguiente":{"dato":{"@class":"modelo.Dignidad","tipo":"Ejecutiva","id":85,"categorias":"Vicepresidente"},"siguiente":{"dato":{"@class":"modelo.Dignidad","tipo":"Ejecutiva","id":86,"categorias":"Vicepresidente"},"siguiente":{"dato":{"@class":"modelo.Dignidad","tipo":"Ejecutiva","id":87,"categorias":"Vicepresidente"},"siguiente":{"dato":{"@class":"modelo.Dignidad","tipo":"Ejecutiva","id":88,"categorias":"Vicepresidente"},"siguiente":{"dato":{"@class":"modelo.Dignidad","tipo":"Ejecutiva","id":89,"categorias":"Vicepresidente"},"siguiente":{"dato":{"@class":"modelo.Dignidad","tipo":"Ejecutiva","id":90,"categorias":"Vicepresidente"},"siguiente":{"dato":{"@class":"modelo.Dignidad","tipo":"Ejecutiva","id":91,"categorias":"Vicepresidente"},"siguiente":{"dato":{"@class":"modelo.Dignidad","tipo":"Respresentativa Local","id":92,"NroDignidad":2,"categorias":"Concejal"},"siguiente":{"dato":{"@class":"modelo.Dignidad","tipo":"Respresentativa Local","id":93,"categorias":"Concejal"},"siguiente":{"dato":{"@class":"modelo.Dignidad","tipo":"Ejecutiva Local","id":94,"NroDignidad":1,"categorias":"Alcalde"},"siguiente":{"dato":{"@class":"modelo.Dignidad","tipo":"Legislativa","id":95,"NroDignidad":15,"categorias":"Diputado"},"siguiente":{"dato":{"@class":"modelo.Dignidad","tipo":"Legislativa","id":96,"categorias":"Diputado"},"siguiente":{"dato":{"@class":"modelo.Dignidad","tipo":"Legislativa","id":97,"categorias":"Diputado"},"siguiente":{"dato":{"@class":"modelo.Dignidad","tipo":"Legislativa","id":98,"categorias":"Diputado"},"siguiente":{"dato":{"@class":"modelo.Dignidad","tipo":"Legislativa","id":99,"categorias":"Diputado"},"siguiente":{"dato":{"@class":"modelo.Dignidad","tipo":"Legislativa","id":100,"categorias":"Diputado"},"siguiente":{"dato":{"@class":"modelo.Dignidad","tipo":"Legislativa","id":101,"categorias":"Diputado"},"siguiente":{"dato":{"@class":"modelo.Dignidad","tipo":"Legislativa","id":102,"categorias":"Diputado"},"siguiente":{"dato":{"@class":"modelo.Dignidad","tipo":"Legislativa","id":103,"categorias":"Diputado"},"siguiente":{"dato":{"@class":"modelo.Dignidad","tipo":"Legislativa","id":104,"categorias":"Diputado"},"siguiente":{"dato":{"@class":"modelo.Dignidad","tipo":"Legislativa","id":105,"categorias":"Diputado"},"siguiente":{"dato":{"@class":"modelo.Dignidad","tipo":"Legislativa","id":106,"categorias":"Diputado"},"siguiente":{"dato":{"@class":"modelo.Dignidad","tipo":"Legislativa","id":107,"categorias":"Diputado"},"siguiente":{"dato":{"@class":"modelo.Dignidad","tipo":"Legislativa","id":108,"categorias":"Diputado"},"siguiente":{"dato":{"@class":"modelo.Dignidad","tipo":"Legislativa","id":109,"categorias":"Diputado"},"siguiente":{"dato":{"@class":"modelo.Dignidad","tipo":"Ejecutiva","id":110,"NroDignidad":1,"categorias":"Presidente"},"siguiente":{"dato":{"@class":"modelo.Dignidad","tipo":"Ejecutiva","id":111,"NroDignidad":1,"categorias":"Presidente"},"siguiente":{"dato":{"@class":"modelo.Dignidad","tipo":"Ejecutiva","id":112,"NroDignidad":1,"categorias":"Presidente"},"siguiente":{"dato":{"@class":"modelo.Dignidad","tipo":"Ejecutiva","id":113,"NroDignidad":1,"categorias":"Presidente"},"siguiente":{"dato":{"@class":"modelo.Dignidad","tipo":"Ejecutiva","id":114,"NroDignidad":1,"categorias":"Presidente"},"siguiente":{"dato":{"@class":"modelo.Dignidad","tipo":"Ejecutiva","id":115,"NroDignidad":1,"categorias":"Presidente"},"siguiente":{"dato":{"@class":"modelo.Dignidad","tipo":"Ejecutiva","id":116,"NroDignidad":1,"categorias":"Presidente"},"siguiente":{"dato":{"@class":"modelo.Dignidad","tipo":"Ejecutiva","id":117,"NroDignidad":10,"categorias":"Presidente"},"siguiente":{"dato":{"@class":"modelo.Dignidad","tipo":"Ejecutiva","id":118,"NroDignidad":1,"categorias":"Presidente"},"siguiente":{"dato":{"@class":"modelo.Dignidad","tipo":"Ejecutiva","id":119,"NroDignidad":2,"categorias":"Alcalde"},"siguiente":{"dato":{"@class":"modelo.Dignidad","tipo":"Ejecutiva","id":120,"categorias":"Alcalde"},"siguiente":{"dato":{"@class":"modelo.Dignidad","tipo":"Ejecutiva","id":121,"NroDignidad":2,"categorias":"Alcalde"},"siguiente":{"dato":{"@class":"modelo.Dignidad","tipo":"Ejecutiva","id":122,"categorias":"Alcalde"},"siguiente":{"dato":{"@class":"modelo.Dignidad","tipo":"Ejecutiva","id":123,"NroDignidad":2,"categorias":"Alcalde"},"siguiente":{"dato":{"@class":"modelo.Dignidad","tipo":"Ejecutiva","id":124,"categorias":"Alcalde"},"siguiente":{"dato":{"@class":"modelo.Dignidad","tipo":"Ejecutiva","id":125,"NroDignidad":2,"categorias":"Alcalde"},"siguiente":{"dato":{"@class":"modelo.Dignidad","tipo":"Ejecutiva","id":126,"NroDignidad":2,"categorias":"Concejal"},"siguiente":{"dato":{"@class":"modelo.Dignidad","tipo":"Ejecutiva","id":127,"categorias":"Concejal"},"siguiente":{"dato":{"@class":"modelo.Dignidad","tipo":"Ejecutiva","id":128,"NroDignidad":2,"categorias":"Concejal"},"siguiente":{"dato":{"@class":"modelo.Dignidad","tipo":"Legislativa","id":129,"NroDignidad":2,"categorias":"Diputado"},"siguiente":{"dato":{"@class":"modelo.Dignidad","tipo":"Legislativa","id":130,"categorias":"Diputado"},"siguiente":{"dato":{"@class":"modelo.Dignidad","tipo":"Legislativa","id":131,"NroDignidad":2,"categorias":"Diputado"},"siguiente":{"dato":{"@class":"modelo.Dignidad","tipo":"Legislativa","id":132,"categorias":"Diputado"}}}}}}}}}}}}}}}}}}}}}}}}}}}}}}}}}}}}}}}}}}}}}}}}}}}}}}}}}}}}}}}}}}}}}}}}}}}}}}}}}}}}}}}}}}}}}}}}}}}}}}}}}}}}}}}}}}}}}}}}}}}}}}}}}}}}},"size":132,"ascendente":1,"descendente":2}}