{"controlador.ed.listas.ListaEnlazada":{"cabecera":{"dato":{"@class":"modelo.Persona","id_persona":1,"nombresCompletos":"Alyce","identificacion":1150018305,"codigoDac":"A1232A4546","fechaNacimiento":"2003-06-12 02:50:49.602 UTC","correo":"alycemaldonado"},"siguiente":{"dato":{"@class":"modelo.Persona","id_persona":2,"nombresCompletos":"Erika","identificacion":1150018289,"codigoDac":"A3456A1234","fechaNacimiento":"2023-07-09 02:59:46.424 UTC","correo":"erika1201@gmail.com"},"siguiente":{"dato":{"@class":"modelo.Persona","id_persona":3,"nombresCompletos":"asdfghjkl","identificacion":1111111111,"codigoDac":8888888888,"fechaNacimiento":"2023-07-09 03:10:47.433 UTC","correo":"alibt34"},"siguiente":{"dato":{"@class":"modelo.Persona","id_persona":4,"nombresCompletos":"Alyce Elianne Maldonado Hoyos","identificacion":1150018305,"codigoDac":"A2344A1243","fechaNacimiento":"2004-01-12 16:08:59.698 UTC","correo":"alyce1201@gmail.com"},"siguiente":{"dato":{"@class":"modelo.Persona","id_persona":5,"nombresCompletos":"Erika Maldonado","identificacion":1150001828,"codigoDac":"A1234A3455","fechaNacimiento":"2020-06-11 16:16:42.645 UTC","correo":"ekita12@gmail.com"}}}}}},"size":5,"ascendente":1,"descendente":2}}