{"controlador.ed.listas.ListaEnlazada":{"cabecera":{"dato":{"@class":"modelo.Voto","id":1,"tipoVoto":"BLANCO","fechadeEmision":"16\/07\/2023","estado":false,"id_Eleccion":4},"siguiente":{"dato":{"@class":"modelo.Voto","id":2,"tipoVoto":"NULLO","fechadeEmision":"16\/07\/2023","estado":false,"id_Eleccion":4},"siguiente":{"dato":{"@class":"modelo.Voto","id":3,"tipoVoto":"VOTO","fechadeEmision":"16\/07\/2023","estado":false,"id_Eleccion":4},"siguiente":{"dato":{"@class":"modelo.Voto","id":4,"tipoVoto":"BLANCO","fechadeEmision":"16\/07\/2023","estado":false},"siguiente":{"dato":{"@class":"modelo.Voto","id":5,"tipoVoto":"BLANCO","fechadeEmision":"16\/07\/2023","estado":false},"siguiente":{"dato":{"@class":"modelo.Voto","id":6,"tipoVoto":"NULLO","fechadeEmision":"16\/07\/2023","estado":false},"siguiente":{"dato":{"@class":"modelo.Voto","id":7,"tipoVoto":"BLANCO","fechadeEmision":"16\/07\/2023","estado":true},"siguiente":{"dato":{"@class":"modelo.Voto","id":8,"tipoVoto":"VOTO","fechadeEmision":"16\/07\/2023","estado":false},"siguiente":{"dato":{"@class":"modelo.Voto","id":9,"tipoVoto":"BLANCO","fechadeEmision":"16\/07\/2023","estado":true},"siguiente":{"dato":{"@class":"modelo.Voto","id":10,"tipoVoto":"BLANCO","fechadeEmision":"16\/07\/2023","estado":true},"siguiente":{"dato":{"@class":"modelo.Voto","id":11,"tipoVoto":"BLANCO","fechadeEmision":"16\/07\/2023","estado":false},"siguiente":{"dato":{"@class":"modelo.Voto","id":12,"tipoVoto":"BLANCO","fechadeEmision":"16\/07\/2023","estado":false},"siguiente":{"dato":{"@class":"modelo.Voto","id":13,"tipoVoto":"BLANCO","fechadeEmision":"16\/07\/2023","estado":true},"siguiente":{"dato":{"@class":"modelo.Voto","id":14,"tipoVoto":"BLANCO","fechadeEmision":"16\/07\/2023","estado":false},"siguiente":{"dato":{"@class":"modelo.Voto","id":15,"tipoVoto":"BLANCO","fechadeEmision":"16\/07\/2023","estado":true},"siguiente":{"dato":{"@class":"modelo.Voto","id":16,"tipoVoto":"BLANCO","fechadeEmision":"16\/07\/2023","estado":false}}}}}}}}}}}}}}}}},"size":16,"ascendente":1,"descendente":2}}