<?xml version="1.0" encoding="UTF-8"?>
<project-private xmlns="http://www.netbeans.org/ns/project-private/1">
    <editor-bookmarks xmlns="http://www.netbeans.org/ns/editor-bookmarks/2" lastBookmarkId="0"/>
    <open-files xmlns="http://www.netbeans.org/ns/projectui-open-files/2">
        <group>
            <file>file:/C:/Users/Marylin/OneDrive/Documentos/NetBeansProjects/PIS/PIS_PROYECTO/src/vista/FrmCandidato.java</file>
            <file>file:/C:/Users/Marylin/OneDrive/Documentos/NetBeansProjects/PIS/PIS_PROYECTO/src/controlador/DAO/PapeletaDao.java</file>
            <file>file:/C:/Users/Marylin/OneDrive/Documentos/NetBeansProjects/PIS/PIS_PROYECTO/src/vista/FrmCertificados.java</file>
            <file>file:/C:/Users/Marylin/OneDrive/Documentos/NetBeansProjects/PIS/PIS_PROYECTO/src/vista/FrmPartidoPolitico.java</file>
            <file>file:/C:/Users/Marylin/OneDrive/Documentos/NetBeansProjects/PIS/PIS_PROYECTO/src/vista/FrmCategorias.java</file>
            <file>file:/C:/Users/Marylin/OneDrive/Documentos/NetBeansProjects/PIS/PIS_PROYECTO/src/vista/FrmVoto.java</file>
            <file>file:/C:/Users/Marylin/OneDrive/Documentos/NetBeansProjects/PIS/PIS_PROYECTO/src/vista/pnCandidatos.java</file>
            <file>file:/C:/Users/Marylin/OneDrive/Documentos/NetBeansProjects/PIS/PIS_PROYECTO/src/vista/FrmRegistro.java</file>
            <file>file:/C:/Users/Marylin/OneDrive/Documentos/NetBeansProjects/PIS/PIS_PROYECTO/src/vista/FrmResultado.java</file>
            <file>file:/C:/Users/Marylin/OneDrive/Documentos/NetBeansProjects/PIS/PIS_PROYECTO/src/vista/pnDignidad.java</file>
            <file>file:/C:/Users/Marylin/OneDrive/Documentos/NetBeansProjects/PIS/PIS_PROYECTO/src/vista/FrmPrincipalAdm.java</file>
            <file>file:/C:/Users/Marylin/OneDrive/Documentos/NetBeansProjects/PIS/PIS_PROYECTO/src/vista/FrmPapeletas.java</file>
            <file>file:/C:/Users/Marylin/OneDrive/Documentos/NetBeansProjects/PIS/PIS_PROYECTO/src/vista/FrmInicioSesion.java</file>
            <file>file:/C:/Users/Marylin/OneDrive/Documentos/NetBeansProjects/PIS/PIS_PROYECTO/src/vista/FrmDignidad.java</file>
            <file>file:/C:/Users/Marylin/OneDrive/Documentos/NetBeansProjects/PIS/PIS_PROYECTO/src/vista/FrmDatosVotante.java</file>
            <file>file:/C:/Users/Marylin/OneDrive/Documentos/NetBeansProjects/PIS/PIS_PROYECTO/src/vista/FrmCuenta.java</file>
        </group>
    </open-files>
</project-private>
